,original value,prediction
0,y_test,14622.27165598511
1,y_test,15085.829853214804
2,y_test,15085.829853214804
3,y_test,15085.829853214804
4,y_test,9059.573289228858
5,y_test,15549.38805044449
6,y_test,15085.829853214804
